{"cameraMode":{"drawMode":0,"name":"Shaded","section":"Shading Mode"},"sceneLighting":true,"audioPlay":false,"sceneViewState":{"m_AlwaysRefresh":false,"showFog":true,"showSkybox":true,"showFlares":true,"showImageEffects":true,"showParticleSystems":true,"showVisualEffectGraphs":true,"m_FxEnabled":true},"in2DMode":false,"pivot":{"x":1087.9168701171875,"y":323.8036193847656,"z":105.742919921875},"rotation":{"x":0.17128965258598329,"y":0.024230871349573137,"z":0.004214311949908733,"w":-0.9849165678024292},"size":380.42352294921877,"orthographic":false}