{"cameraMode":{"drawMode":0,"name":"Shaded","section":"Shading Mode"},"sceneLighting":true,"audioPlay":false,"sceneViewState":{"m_AlwaysRefresh":false,"showFog":true,"showSkybox":true,"showFlares":true,"showImageEffects":true,"showParticleSystems":true,"showVisualEffectGraphs":true,"m_FxEnabled":true},"in2DMode":false,"pivot":{"x":1105.144775390625,"y":479.9369201660156,"z":4.44189453125},"rotation":{"x":0.028132416307926179,"y":0.062032632529735568,"z":0.0017492342740297318,"w":-0.9976776242256165},"size":104.55481719970703,"orthographic":false}